Name,Age,Address,Wireless-1,Wireless-2,Wireless-3,Wireless-4,Wireless-5,Wireless-6,Landline-1,Landline-2,Landline-3,Landline-4,Landline-5,Landline-6
Mr Christopher Elvin Scott,47,3409 Environ WayChapel Hill  NC 27517-4436,(919) 815-0468,(919) 450-0568,,,,,(336) 294-8972,(919) 821-2255,(919) 845-7444,(919) 845-7544,,,
David Bryan Thompson,62,3083 Thompson Heath RdSophia  NC 27350-8928,(336) 404-3771,(336) 617-8449,(843) 384-5207,(336) 707-6742,(910) 279-4069,(919) 272-2114,(336) 498-3843,(336) 674-8334,,,,,
Mr Thompson David Stubblefield Jr,53,8131 Friendship Church RdReidsville  NC 27320-1641,(336) 458-8640,(336) 558-5689,,,,,(336) 342-6205,(336) 697-2417,(336) 697-4027,(336) 271-4079,,,
David Keith White,53,1431 San Juan StTustin  CA 92780-4646,(714) 425-3346,,,,,,,,,,,,
Rebekah A Thompson,33,7710 Oak Valley CtBrowns Summit  NC 27214-9667,(336) 210-0912,(336) 451-5925,,,,,(336) 342-2249,,,,,,
Mr David Jae Seon Thomson,41,1335 Herrington Rd  APT 2905Duluth  GA 30096-6423,(404) 615-8981,(336) 338-3238,(631) 767-0630,(631) 559-7949,(336) 669-8686,(516) 589-2490,(661) 917-0166,,,,,,,
David Lamont White,39,507 Mystic Dr  APT DGreensboro  NC 27406-5135,(336) 517-9873,(336) 541-8811,(336) 233-0527,(919) 691-1641,,,(336) 375-6452,(336) 273-1315,(336) 379-9755,,,,
Mr Reid White,October,2206 Carlisle RdGreensboro  NC 27408-5016,(336) 638-2318,,,,,,(336) 378-1147,(336) 230-1442,(336) 275-2261,(352) 378-1147,(910) 230-1442,(919) 230-1442,
David T Fuller,December,2171 Ruin Creek RdHenderson  NC 27537-8735,,,,,,,,,,,,,
Don Alto White,75,2522 N Hughes AveFort Worth  TX 76103-3205,(817) 726-4110,,,,,,(817) 498-5841,(817) 498-6216,(817) 536-6753,(817) 579-9115,(817) 468-8958,(817) 465-0009,(817) 684-6013,
Mr David J Thompson Jr,52,1126 Fieldstone DrMebane  NC 27302-9179,,,,,,,(919) 304-0794,(910) 642-0547,(336) 358-2030,,,,
Mr David Wesley Thompson,47,2412 Racquet Club DrSeabrook Island  SC 29455-6300,(704) 302-4752,(336) 235-8191,,,,,(704) 537-4926,(704) 442-1693,(704) 373-3125,(704) 527-6066,(864) 235-8191,(910) 856-9972,
David Murray White,July,6600 Dusten RdClimax  NC 27233-9115,(910) 284-0889,,,,,,(336) 674-2844,(336) 299-8455,(336) 674-1611,(919) 299-8455,,,
Mr David A Scott,31,4481 Majestic Bluff Dr NJacksonville  FL 32225-1259,,,,,,,(904) 642-0059,(510) 845-4562,,,,,
David A Thompson,80,342 N Elm StGreensboro  NC 27401-2141,(919) 449-2699,(919) 594-2071,(919) 928-1551,(336) 988-2416,(919) 264-5276,(919) 449-2970,(404) 472-0236,(919) 803-3953,,,,,,
Mr David M Thompson,70,10665 S Lone Elm RdOlathe  KS 66061-9327,(785) 210-9212,,,,,,(913) 764-4463,(704) 566-1195,(336) 889-6950,(764) 446-3000,,,
Mr David Arthur Thompson,77,19 Captains PtGreensboro  NC 27455-3430,(910) 545-9058,(919) 288-7546,,,,,(336) 288-7546,(336) 282-0294,(274) 553-3430,(336) 274-0474,,,
Mr David Allen White,63,4010 Eight Belles Ln  APT 1CGreensboro  NC 27410-9885,,,,,,,(336) 617-0485,(336) 542-0056,,,,,
Mr Herbert David White Jr,54,137 Harbor LnCordele  GA 31015-5168,(229) 322-3308,(229) 322-2254,,,,,(502) 895-5586,(912) 477-0183,(229) 273-3978,(229) 868-6730,(478) 757-4655,,
Mr David L Thompson,45,5400 Pondfield DrGreensboro  NC 27410-9167,(910) 286-9734,,,,,,(336) 668-0935,(606) 747-0368,(859) 881-3905,(859) 881-5610,(336) 286-9734,(336) 282-2038,(336) 373-8921,
Mr David Owen Hopcroft,62,4438 Summer Mountain TrlSpring  TX 77388-5594,(281) 660-6372,,,,,,(336) 923-2767,(336) 852-4139,(281) 859-0135,(409) 729-0686,,,
Mr David Ferrell White,55,446 Creekridge DrEden  NC 27288-2817,(336) 520-5136,(336) 580-2540,(757) 802-0132,(336) 202-3447,,,(336) 627-7571,(276) 638-2373,(336) 545-8567,(336) 621-2335,,,
David H Thompson Sr,October,4824 W Wendover AveGreensboro  NC 27409,(336) 392-9707,,,,,,,,,,,,
Mr David Melanie White,45,291 Twin Springs RdStoneville  NC 27048-8020,(336) 340-0725,(336) 791-5572,(336) 453-8375,(336) 791-9155,(989) 330-7793,,(336) 427-0319,(336) 548-2170,(336) 427-5785,,,,
Mr David W White Sr,59,200 Fuller StDoyline  LA 71023-3749,(318) 458-0183,,,,,,(318) 745-2365,(712) 754-2481,(318) 745-2837,(318) 745-2543,,,
Mr David Kevin Erwin,51,105 Redbud DrHendersonville  TN 37075-3982,(615) 533-7326,(615) 757-3250,,,,,(615) 537-2579,(931) 358-4978,(217) 422-6164,(615) 537-3579,(615) 352-0080,(901) 782-3352,
David Robert White,60,32 Gooden CvJackson  TN 38305-9487,,,,,,,(731) 664-9868,(219) 324-2268,(219) 531-7359,,,,
Mr David Samuel White,45,5640 Duff StBeaumont  TX 77706-6310,(857) 201-9206,,,,,,(617) 207-1059,(781) 842-3263,(336) 271-2843,(336) 674-2422,(409) 860-5686,(409) 892-7676,
David Lindsley Thompson,43,498 Strachan Ave  UNIT DSavannah  GA 31406-8451,(912) 596-9696,,,,,,,,,,,,
Mr David Mark White,49,2847 Hacketts Lake RdGreensboro  NC 27406-9417,(757) 814-8553,(757) 969-5479,,,,,(606) 886-0557,(606) 789-8719,(606) 784-2552,,,,
Mr David W White Jr,57,2241 Holland AveBurlington  NC 27217-3080,(336) 261-3517,(336) 524-6514,(336) 708-9550,(336) 514-4914,(919) 570-0981,,(919) 489-8747,(336) 227-1311,(336) 229-1229,,,,
David K White,January,1017 John Allen DrBaldwyn  MS 38824-1060,,,,,,,(901) 278-4896,,,,,,
Mr David Earl White,48,3482 Lamp Light DrRandleman  NC 27317-9592,(704) 890-6043,,,,,,(336) 498-0945,(318) 742-6623,(336) 294-1085,,,,
David W White Jr,February,1633 Thayer DrBlue Bell  PA 19422-3548,,,,,,,,,,,,,
Ms Theresa A Bowden,42,1120 Sam Lowe RdSiler City  NC 27344-3468,,,,,,,(336) 622-4824,(336) 622-2817,(336) 375-0847,,,,
Mr David White,49,15735 Brown RdgMorehead  KY 40351-9417,(757) 814-8552,,,,,,,,,,,,
David Thomas White,64,74 Elm StHarpers Ferry  WV 25425-6006,(904) 408-1102,,,,,,(904) 266-9403,(336) 427-5785,(337) 497-0028,(850) 482-6560,,,
Mr David Allen Thompson,34,3709 Parkwood DrGreensboro  NC 27403-1314,,,,,,,(434) 372-0352,,,,,,
Mr David Allen Thompson,66,7834 Jackson School RdBrowns Summit  NC 27214-9720,,,,,,,(336) 656-7976,(336) 288-1117,(336) 851-5672,,,,
David Clark White 3rd,February,7605 Middle DrGreensboro  NC 27409-9014,(910) 391-1613,,,,,,(336) 668-0976,(336) 288-1266,(910) 426-0361,(910) 426-0446,(910) 668-0976,(919) 294-6871,(919) 668-0976,
Mr David A White Sr,82,241 Township Line RdNorth Wales  PA 19454-2708,(215) 275-0373,,,,,,(610) 275-0373,(215) 699-5041,(610) 277-9382,(610) 277-9475,(610) 277-0000,,
for,59,,,,,,,,(336) 271-4153,,,,,,
Mr David J Patton,53,2239 E Ruby LnPhoenix  AZ 85024-8664,(602) 538-9657,(517) 648-2192,(480) 815-6909,(602) 471-8316,(602) 614-0126,,(480) 471-8316,(602) 404-2218,(480) 614-0126,,,,
Mr Joshua D White,36,227 Ainsley AveWheelersburg  OH 45694-8863,(740) 456-0258,(740) 876-9945,(740) 250-9495,(828) 260-5320,(704) 616-7511,(865) 254-9562,(828) 668-6260,(740) 574-4184,,,,,
Mr David Monroe Thompson Jr,61,5110 Hedrick DrGreensboro  NC 27410-9320,(336) 558-3556,,,,,,(336) 288-9905,(412) 421-2371,(412) 422-9416,,,,
Mr David E Thompson,62,235 Devils Kitchen DrSedona  AZ 86351-7726,(815) 721-3643,,,,,,(262) 736-3085,(773) 338-7079,(815) 338-4750,(815) 338-7079,(847) 577-5327,,
David C White,July,,,,,,,,,,,,,,
Mr David Arthur Thompson Sr,59,2602 Guyer StHigh Point  NC 27265-2438,(410) 694-7017,(757) 451-8026,(804) 480-4233,,,,(336) 887-3972,(336) 292-0830,(828) 323-1959,(336) 294-1063,(757) 480-4233,,
Mr David Ronald White Sr,62,2303 Macy AvePerry  GA 31069-9683,(706) 237-7619,,,,,,(478) 987-5095,(706) 295-4182,(706) 295-3035,(912) 987-5095,,,
Mr Davey L White,68,1106 Sherman StWaco  TX 76704-1756,(254) 715-1367,(254) 855-9871,,,,,(254) 235-2198,(254) 752-3621,(254) 752-6278,(254) 757-0061,,,
Mr David Eugene Thomason Sr,62,7229 Pecan Tree StWillow Spring  NC 27592-9293,,,,,,,(919) 552-9508,(919) 779-5401,(910) 424-3701,,,,
Mr David Gregory White,70,140 Falling Water WayWallace  NC 28466-2518,(703) 945-4951,(703) 980-8057,(713) 876-4518,(703) 899-7884,(703) 989-9138,,(703) 692-5360,(910) 285-0245,(703) 339-6116,,,,
Mr David Allen Thompson,52,1435 Cantwell CtHigh Point  NC 27265-9221,(336) 858-6585,(336) 307-6434,(336) 307-3501,(336) 638-2144,(336) 362-2953,,(336) 297-1531,(336) 885-9653,(336) 299-5707,,,,
Mr David Michael White,38,942 High Peak RdMonroe  VA 24574-2145,(434) 660-6511,(336) 991-6454,(434) 528-1098,,,,,,,,,,
Sr David Michael White Sr,62,548 Caldwell CirNew Carlisle  OH 45344-2729,(513) 467-5595,(804) 467-5595,,,,,(937) 849-0356,(937) 849-0000,(937) 252-8060,(757) 467-5595,(937) 237-5243,,
Mr David Roy Thompson,62,416 W 7th StPittsburg  KS 66762-3715,(417) 291-0844,(417) 291-4271,(218) 393-0888,(620) 875-4657,,,(417) 622-0204,(417) 206-0081,(620) 230-0181,(417) 782-3922,,,
Mr David K White,26,51 Arbor RdRoslyn Heights  NY 11577-1805,,,,,,,(516) 484-9354,,,,,,
Mr David Wayne Thompson,51,397 Shell RdThomasville  NC 27360-0090,(336) 905-7245,(336) 883-4347,,,,,(336) 243-8414,(336) 472-3059,(828) 466-7771,(273) 600-0090,(910) 883-4347,,
Mr David Wesley Whitaker,41,1792 Woodglo DrAsheboro  NC 27205-8146,(336) 465-1002,(336) 465-1009,(336) 465-3153,(336) 778-0239,,,(336) 291-3869,(336) 736-8238,(336) 625-1778,,,,
Mr David Brian Thompson,52,243 E Wesley Rd NEAtlanta  GA 30305-3774,(404) 849-3151,(404) 272-4434,(910) 476-3155,,,,(404) 812-1731,(770) 476-3151,(770) 476-3155,(678) 455-6294,(770) 622-4123,,
Ms Maxine David Thompson,54,125 N Mary Ave  SPC 68Sunnyvale  CA 94086-4820,(352) 745-7859,(336) 306-9892,(336) 529-6515,,,,(336) 893-7852,(352) 367-9833,,,,,
Mr David Mitchell White Jr,49,814 Redland DrMc Leansville  NC 27301-9319,(336) 420-8131,(336) 617-6496,(336) 382-1873,(910) 284-0923,,,(336) 897-3008,(336) 274-6773,(336) 274-5043,(336) 886-4235,,,
David J White,57,3330 Macarthur DrWaco  TX 76708-1738,(254) 640-1454,(330) 328-7623,,,,,(330) 920-1553,(215) 222-8242,(610) 623-1299,,,,
David A Thompson,April,312 State StOak Hill  WV 25901-2243,(304) 640-2414,,,,,,(304) 469-4495,,,,,,
Mr David T Thompson,65,186 S Fraser CtAurora  CO 80012-1552,(720) 298-2802,(303) 218-4600,,,,,(704) 543-7687,(720) 306-5866,(303) 368-7600,(303) 373-9100,(303) 696-1499,(303) 632-6721,
Mr Daniel Victor Thompson,58,1137 Buckbean Branch Ln EJacksonville  FL 32259-4352,(904) 545-7332,,,,,,(904) 287-9471,,,,,,
David J Thompson,48,5413 Keenan DrBrowns Summit  NC 27214-9722,(336) 772-0931,(336) 540-8246,,,,,,,,,,,
Dave Gary Thompson,73,4020 Powers Ferry Rd NWAtlanta  GA 30342-4028,(919) 288-7906,,,,,,(404) 812-1731,(904) 491-0587,(404) 350-0274,(336) 288-7906,(336) 332-2664,,
Mr David Wayne White,72,2040 County Road 657Farmersville  TX 75442-5574,(972) 658-2507,(214) 491-7635,(281) 468-1482,(214) 784-6005,,,(972) 784-6005,(972) 782-7111,(214) 752-5473,(972) 752-5473,,,
David Alfonzo Evans,60,3207 London RdGreensboro  NC 27405-4126,(336) 954-7384,(336) 708-9600,(336) 370-6732,,,,(336) 617-4658,,,,,,
Mr David L White,40,Po Box 254Myra  KY 41549-0254,(336) 541-8811,,,,,,(606) 639-0296,(606) 637-9004,(606) 639-8967,,,,
David Lawrence White,December,4310 Winslow CtDouglasville  GA 30135-4123,(770) 301-8267,,,,,,(706) 820-0316,,,,,,
Mr David M White,59,908 Belmont DrWest Palm Beach  FL 33415-3606,(407) 686-3738,,,,,,(561) 357-9582,(561) 434-6254,(561) 641-5006,(561) 686-3738,,,
Mr David Andrew Witte,50,3271 Butler Bridge RdMills River  NC 28759-3832,(828) 551-3443,(336) 662-8157,,,,,(828) 890-9079,(336) 668-4858,(336) 854-4337,(814) 723-5869,(910) 854-4337,,
Ms Lori Catherine Thompson,51,5400 Pondfield DrGreensboro  NC 27410-9167,(718) 200-8222,(585) 933-8056,(336) 255-5830,,,,(336) 668-0935,(716) 933-8056,(716) 937-0737,(336) 379-3540,(336) 697-7107,,
Mr David Harry White Jr,73,1649 Flint Rock CtFinksburg  MD 21048-2048,(410) 963-8771,(540) 632-0142,,,,,(410) 751-8816,(703) 632-5601,(704) 873-8934,(336) 299-6882,(919) 299-6882,,
Mr David Paul Thompson,57,10703 Mathom LndgUniversal City  TX 78148-4671,(513) 460-6217,(512) 431-0191,(512) 575-8696,,,,(512) 266-7626,(512) 432-5523,(512) 258-7372,(310) 542-8944,(512) 249-4255,,
David Vernon Thompson,62,Po Box 38772Greensboro  NC 27438-8772,(336) 255-5830,(715) 556-9182,(919) 288-3491,,,,(336) 282-2784,(336) 288-3491,(336) 316-6094,(910) 288-3491,(913) 341-8167,,
Mr David Sanford Thompson,58,107 Knollview CtJamestown  NC 27282-8730,(336) 687-7476,(704) 402-3035,,,,,(336) 887-7476,(336) 882-0226,(336) 294-6922,(919) 294-6922,,,
Daniel Blair Thompson,38,1013 Valleydale DrBurlington  NC 27215-4553,(336) 264-0019,(336) 263-8145,(704) 517-4769,,,,(336) 288-2872,,,,,,
Mr David Michael White,63,7701 Middle DrGreensboro  NC 27409-9021,(336) 991-6454,,,,,,(336) 662-8970,(434) 528-1098,(336) 547-0228,(336) 852-9751,(919) 852-9751,,
Dave C White 3rd,94,2613 David Caldwell DrGreensboro  NC 27408-3901,,,,,,,(336) 288-1382,(336) 668-0976,(910) 288-1382,,,,
Mr David Gray Thompson Jr,44,240 Park Bridge LnRoswell  GA 30075-3064,(919) 604-7579,(404) 386-7052,,,,,(252) 794-2968,(770) 263-6606,,,,,
Mr David Lee Thompson,79,5355 Covered Bridge RdTrinity  NC 27370-7021,(336) 964-9282,,,,,,(336) 626-2512,,,,,,
Ms Glenna Elaine Haynes,67,1501 Martin Luther King Jr DrGreensboro  NC 27406-2421,(336) 489-0722,(313) 879-6235,,,,,(336) 378-9984,(336) 299-1404,(219) 489-0722,(248) 879-6235,(260) 489-0722,,
Mr David A Thompson,34,7710 Oak Valley CtBrowns Summit  NC 27214-9667,(336) 210-0915,(336) 451-5925,(336) 210-0912,,,,(336) 342-2249,,,,,,
Mr David John Thompson,64,1718 Northbay DrBrowns Summit  NC 27214-9680,,,,,,,(336) 621-9677,(336) 851-5549,(413) 533-9306,,,,
Mr David A White,41,367 Gaines StMarietta  GA 30060-0001,(336) 324-6913,(336) 314-7480,(919) 273-0667,(336) 209-0025,,,(336) 855-3901,(716) 832-9594,(336) 292-3714,(919) 286-9764,,,
Mr David Carl Thompson,71,1028 River Ridge DrRedding  CA 96003-5354,(530) 604-4283,(530) 605-0670,(530) 229-7930,(619) 586-7826,,,(530) 226-8459,(530) 347-6684,(530) 347-3377,(336) 855-6966,,,
Mr David L White,70,1803 Curry StGreensboro  NC 27406-3108,,,,,,,(336) 275-4925,(336) 622-2676,,,,,
David A Cliff,71,1080 Monmouth RdEastampton  NJ 08060-3311,(609) 320-0512,,,,,,(609) 261-3655,(609) 702-1443,(609) 261-3650,,,,
David Randle White,62,209 Raven Cliff RdCleveland  SC 29635-9661,,,,,,,(864) 878-0444,(864) 234-9457,(336) 349-2669,(864) 281-0030,(910) 349-2669,,
David J Thompson Jr,October,8319 Pearson Farm CtBrowns Summit  NC 27214-9834,(336) 681-0355,(910) 640-2361,,,,,(336) 295-3301,(919) 304-0794,(336) 358-2030,(910) 642-0547,(919) 575-5909,(703) 451-2325,
Mr David E Thompson,56,20260 208th StPurcell  OK 73080-4682,(757) 879-8739,(757) 817-1063,(405) 217-2238,,,,(757) 594-9331,(757) 596-0556,(757) 599-6340,(757) 596-4595,,,
David Dandridge White,52,1038 S Laurie LnCedar City  UT 84720-6233,(435) 590-3830,(910) 852-7031,(916) 729-4891,,,,(435) 867-6281,(916) 727-1457,(402) 896-1496,(707) 944-2722,(712) 322-4451,,
Mr David D White,35,1291 Park West Dr  APT 6Greenville  NC 27834-8256,(256) 627-3859,(252) 227-1027,(252) 955-2965,,,,(252) 823-0277,(252) 641-4405,(252) 823-1281,(252) 798-5241,(252) 212-3550,,
David A Thompson,41,1370 Lees Chapel Rd  APT CGreensboro  NC 27455-2688,,,,,,,(718) 401-5805,(914) 964-8706,,,,,
David Michael White,41,Po Box 507Bruceton Mills  WV 26525-0507,(336) 451-3718,,,,,,(304) 379-3620,,,,,,
David White,49,714 Highland AveGreensboro  NC 27403-2828,,,,,,,,,,,,,
Mr David Maurice Thompson,50,4919 Autumn Oak DrCharlotte  NC 28269-2174,(704) 208-0140,(704) 712-0887,(704) 208-0801,(704) 609-5108,(704) 557-9197,(864) 609-5108,(704) 566-1195,(913) 764-4463,,,,,
Mr David Locksley Thompson 3rd,47,105 E 57th StSavannah  GA 31405-3325,,,,,,,(912) 351-4257,(205) 764-0480,(912) 349-3277,(912) 234-0588,,,
David L White Jr,31,722 Julia StNew Iberia  LA 70560-5539,(337) 519-3821,,,,,,,,,,,,
Mr David Allen White,63,2827 Mossy Meadow DrHigh Point  NC 27265-7961,(361) 244-8956,(910) 725-1390,(361) 392-5401,(985) 209-0042,,,(361) 334-2799,(336) 617-0485,(336) 542-0056,(504) 392-5401,,,
Ms Jana Moore White,67,401 Overlook CtSpartanburg  SC 29301-1253,(914) 443-3031,,,,,,(864) 587-2277,(864) 574-5725,(828) 465-3075,,,,
David M White,41,2 Cactus Ct  UNIT AGreensboro  NC 27410-9741,,,,,,,(336) 855-3901,,,,,,
Mr David J Thompson,25,3229 Pine Needles RdHigh Point  NC 27265-2032,(336) 669-0311,,,,,,,,,,,,
Mr David C Thompson,65,455 Granite Lake CtDenver  NC 28037-6531,(980) 689-2643,(203) 482-6582,(203) 260-0469,,,,(919) 651-9639,(203) 270-7767,(203) 270-1269,(919) 481-3881,(919) 942-7971,,
Mr David M White,49,90 Wolverine CirCrested Butte  CO 81225,(970) 275-1486,,,,,,(970) 349-0160,(205) 481-9418,(505) 982-7240,,,,
Mr David Langdon White,64,4805 Ramblewood DrGreensboro  NC 27406-9322,(910) 284-0904,(520) 987-0307,(910) 674-6759,,,,(336) 674-6759,(336) 674-1951,(910) 272-6426,,,,
David Stewart White,65,416 Fisher Park Cir  UNIT BGreensboro  NC 27401-6011,(336) 303-1110,(443) 562-6297,(336) 541-8088,,,,(410) 997-3488,,,,,,
Mr David Leonard White,55,4905 Greencastle RdLaurel  MD 20707-3109,(301) 466-2112,,,,,,(240) 568-0351,(301) 206-2467,(301) 350-0747,(301) 568-0351,,,
Mr David Eugene White,64,1630 Murphytown RdDavisville  WV 26142-8860,(304) 615-6786,,,,,,,,,,,,
Norwood N Thompson,77,442 E Main St  APT 5Clayton  NC 27520-2552,(313) 417-5792,(919) 740-8003,,,,,(919) 553-5400,(252) 222-3534,(919) 550-1616,(919) 787-7550,(781) 214-9252,(617) 266-1238,
Mr David Allen Thompson,49,1804 Worsham PlGreensboro  NC 27408-3114,(919) 402-1881,,,,,,(336) 499-3254,(919) 493-4132,(919) 544-8118,(910) 592-3798,(919) 419-1165,(919) 968-9892,
David Lees White,71,2212 Summer Raye CtSaint Cloud  FL 34772-8587,(336) 317-1704,(910) 526-3667,(336) 318-1704,,,,(407) 556-3258,(336) 218-5288,(336) 286-1105,(336) 294-9912,,,
David F Thompson,May,307 Boyd StReidsville  NC 27320-5103,,,,,,,(336) 349-4882,(336) 674-8334,(336) 498-3843,(843) 272-2087,(336) 348-1893,(843) 272-1261,(843) 361-8325,
Mr David Lamont Butler Jr,35,121 Gainey DrGoldsboro  NC 27530-8912,(336) 340-2903,(336) 419-8387,(336) 210-0453,(336) 549-6010,(919) 757-9640,,(336) 273-9741,,,,,,
